"run_number","run_description","start_time","exposure_sec","GEM3_V","GEM2_V","GEM1_V","T2_V","T1_V","DRIFT_V","OFFSET_V","PMT1_V","PMT2_V","PMT3_V","PMT4_V","HV_STATE","total_gas_flow","sequencer_running","sequence_filename","pmt_acquisition","pedestal_run","source_type","source_position","discrimination_threshold","trigger_veto_time","trigger_logic","run_type","drs4_correction_active","shielding_configuration","stop_time","number_of_events","storage_local_status","storage_cloud_status","storage_tape_status","file_size","file_checksum","file_s3_tag","online_reco_status","run_quality"
124160,MuonMap,2026-09-28 11:59:14,0.0500,460,460,460,500,500,600,0,0,0,0,0,1,3,1,S101_CYGNO04_Adriatico_MuonMap.msl,0,0,0,0,2,10,0,1,0,2,2026-09-28 12:03:04,405,1,1,1,6851357352,cb0975c86d55ee1a78f3c7727924985c,LNGS,1,-1
124159,MuonMap,2026-09-28 11:55:24,0.0500,460,460,460,500,500,600,0,0,0,0,0,1,3,1,S101_CYGNO04_Adriatico_MuonMap.msl,0,0,0,0,2,10,0,1,0,2,2026-09-28 11:58:58,403,1,1,1,6816464640,a994182b39fc8100b376710ec97525cb,LNGS,1,-1
124158,MuonMap,2026-09-28 11:51:58,0.0500,460,460,460,500,500,600,0,0,0,0,0,1,3,1,S101_CYGNO04_Adriatico_MuonMap.msl,0,0,0,0,2,10,0,1,0,2,2026-09-28 11:55:09,402,1,1,1,6798535286,66198e4ffd542b2dacd705fb21309cfb,LNGS,1,-1
124157,MuonMap,2026-09-28 11:48:43,0.0500,460,460,460,500,500,600,0,0,0,0,0,1,3,1,S101_CYGNO04_Adriatico_MuonMap.msl,0,0,0,0,2,10,0,1,0,2,2026-09-28 11:51:49,408,1,1,1,6900834415,c1540906c8bb3e8fa1424ddd4abdfffb,LNGS,1,-1
124156,MuonMap,2026-09-28 11:45:37,0.0500,460,460,460,500,500,600,0,0,0,0,0,1,3,1,S101_CYGNO04_Adriatico_MuonMap.msl,0,0,0,0,2,10,0,1,0,2,2026-09-28 11:48:28,407,1,1,1,6881985757,8baf97653074da681f324eab7a76f589,LNGS,1,-1
124155,MuonMap,2026-09-28 11:42:52,0.0500,460,460,460,500,500,600,0,0,0,0,0,1,3,1,S101_CYGNO04_Adriatico_MuonMap.msl,0,0,0,0,2,10,0,1,0,2,2026-09-28 11:45:23,401,1,1,1,6783411666,d1111655037868b3ba1cb96df679bed0,LNGS,1,-1
124154,MuonMap,2026-09-28 11:40:31,0.0500,460,460,460,500,500,600,0,0,0,0,0,1,3,1,S101_CYGNO04_Adriatico_MuonMap.msl,0,0,0,0,2,10,0,1,0,2,2026-09-28 11:42:42,401,1,1,1,6778944319,4132c2a03b8b780e6558e31733c5f5c1,LNGS,1,-1
124153,MuonMap,2026-09-28 11:38:12,0.0500,460,460,460,500,500,600,0,0,0,0,0,1,3,1,S101_CYGNO04_Adriatico_MuonMap.msl,0,0,0,0,2,10,0,1,0,2,2026-09-28 11:40:21,412,1,1,1,6976518709,a3a2ff9815e993486fc6469a15a261c7,LNGS,1,-1
124152,MuonMap,2026-09-28 11:36:19,0.0500,460,460,460,500,500,600,0,0,0,0,0,1,3,1,S101_CYGNO04_Adriatico_MuonMap.msl,0,0,0,0,2,10,0,1,0,2,2026-09-28 11:38:03,409,1,1,1,6927183797,9415f918e30747eb0d6b81424c58ed25,LNGS,1,-1
124151,MuonMap,2026-09-28 11:35:22,0.0500,460,460,460,500,500,600,0,0,0,0,0,1,3,1,S101_CYGNO04_Adriatico_MuonMap.msl,0,0,0,0,2,10,0,1,0,2,2026-09-28 11:36:06,402,1,1,1,6806347689,bb2952120632e0d2bc3ae8533327811c,LNGS,1,-1
124150,pedestal,2026-09-26 16:17:57,0.0500,450,450,450,500,500,600,0,0,0,0,0,0,3,1,S101_CYGNO04_Adriatico_MuonMap.msl,0,1,0,0,2,10,0,1,0,2,2026-09-28 11:34:52,610,1,1,1,789370711,e2e9d055a3442a5740018de92b1b622a,LNGS,1,-1
124149,MuonMap,2026-09-26 16:04:03,0.0500,450,450,450,500,500,600,0,0,0,0,0,1,3,1,S101_CYGNO04_Adriatico_MuonMap.msl,0,0,0,0,2,10,0,1,0,2,2026-09-26 16:07:46,401,1,1,1,6730681321,d8bd79e1e7ee2a9c14c0ca62fe919397,LNGS,1,-1
124148,MuonMap,2026-09-26 16:00:08,0.0500,450,450,450,500,500,600,0,0,0,0,0,1,3,1,S101_CYGNO04_Adriatico_MuonMap.msl,0,0,0,0,2,10,0,1,0,2,2026-09-26 16:03:46,404,1,1,1,6782270007,04175a5fbaa4ef6ba2eed3657f9769fb,LNGS,1,-1
124147,MuonMap,2026-09-26 15:56:22,0.0500,450,450,450,500,500,600,0,0,0,0,0,1,3,1,S101_CYGNO04_Adriatico_MuonMap.msl,0,0,0,0,2,10,0,1,0,2,2026-09-26 15:59:53,406,1,1,1,6815768730,e2bd2b9dc85ba149dca77cd75e114662,LNGS,1,-1
124146,MuonMap,2026-09-26 15:52:54,0.0500,450,450,450,500,500,600,0,0,0,0,0,1,3,1,S101_CYGNO04_Adriatico_MuonMap.msl,0,0,0,0,2,10,0,1,0,2,2026-09-26 15:56:06,404,1,1,1,6780849932,1e12f120d707942be7341ea028362aae,LNGS,1,-1
124145,MuonMap,2026-09-26 15:49:48,0.0500,450,450,450,500,500,600,0,0,0,0,0,1,3,1,S101_CYGNO04_Adriatico_MuonMap.msl,0,0,0,0,2,10,0,1,0,2,2026-09-26 15:52:41,401,1,1,1,6730289818,033022bb07ae891626c732477b6ab5b8,LNGS,1,-1
124144,MuonMap,2026-09-26 15:47:08,0.0500,450,450,450,500,500,600,0,0,0,0,0,1,3,1,S101_CYGNO04_Adriatico_MuonMap.msl,0,0,0,0,2,10,0,1,0,2,2026-09-26 15:49:37,403,1,1,1,6761931637,3fc47b653d59512e3d07eec5993e344a,LNGS,1,-1
124143,MuonMap,2026-09-26 15:44:40,0.0500,450,450,450,500,500,600,0,0,0,0,0,1,3,1,S101_CYGNO04_Adriatico_MuonMap.msl,0,0,0,0,2,10,0,1,0,2,2026-09-26 15:46:59,407,1,1,1,6830300189,6615b1e86088c5d813f7c7fabb1eb93f,LNGS,1,-1
124142,MuonMap,2026-09-26 15:42:30,0.0500,450,450,450,500,500,600,0,0,0,0,0,1,3,1,S101_CYGNO04_Adriatico_MuonMap.msl,0,0,0,0,2,10,0,1,0,2,2026-09-26 15:44:32,407,1,1,1,6830376886,a4df2e7fe1650c3845011e2cf5666842,LNGS,1,-1
124141,MuonMap,2026-09-26 15:40:31,0.0500,450,450,450,500,500,600,0,0,0,0,0,1,3,1,S101_CYGNO04_Adriatico_MuonMap.msl,0,0,0,0,2,10,0,1,0,2,2026-09-26 15:42:22,403,1,1,1,6766698280,1fb7911a06878930c4b8fc7d397e8aca,LNGS,1,-1
124140,MuonMap,2026-09-26 15:39:42,0.0500,450,450,450,500,500,600,0,0,0,0,0,1,3,1,S101_CYGNO04_Adriatico_MuonMap.msl,0,0,0,0,2,10,0,1,0,2,2026-09-26 15:40:25,403,1,1,1,6769444479,c13e382262140819be8beb740eaa9028,LNGS,1,-1
124139,pedestal,2026-09-26 15:37:50,0.0500,440,440,440,500,500,600,0,0,0,0,0,0,3,1,S101_CYGNO04_Adriatico_MuonMap.msl,0,1,0,0,2,10,0,1,0,2,2026-09-26 15:38:07,155,1,1,1,2544402972,136afff02f83283aa7d0152e68f631e2,LNGS,1,-1
124137,MuonMap,2026-09-25 19:16:11,0.0500,450,450,450,500,500,600,0,0,0,0,0,1,3,1,S101_CYGNO04_Adriatico_MuonMap.msl,0,0,0,0,2,10,0,1,0,2,2026-09-25 19:20:59,0,0,-1,-1,-1,,,-9,-1
124136,MuonMap,2026-09-25 19:14:25,0.0500,450,450,450,500,500,600,0,0,0,0,0,1,3,1,S101_CYGNO04_Adriatico_MuonMap.msl,0,0,0,0,2,10,0,1,0,2,2026-09-25 19:15:54,401,1,1,1,6731509275,aefe364c450e624a92824d79cfd9948e,LNGS,1,-1
124135,pedestal,2026-09-25 19:12:33,0.0500,450,450,450,500,500,600,0,0,0,0,0,0,3,1,S101_CYGNO04_Adriatico_MuonMap.msl,0,1,0,0,2,10,0,1,0,2,2026-09-25 19:12:50,160,1,1,1,2626015556,0677f3d7db8ea3f8e351e006013f3442,LNGS,1,-1
124133,MuonMap,2026-09-25 17:10:28,0.0500,450,450,450,500,500,600,0,0,0,0,0,1,3,1,S101_CYGNO04_Adriatico_MuonMap.msl,0,0,0,0,2,10,0,1,0,2,2026-09-25 19:10:38,0,0,-1,-1,-1,,,-9,-1
124132,MuonMap,2026-09-25 17:06:25,0.0500,450,450,450,500,500,600,0,0,0,0,0,1,3,1,S101_CYGNO04_Adriatico_MuonMap.msl,0,0,0,0,2,10,0,1,0,2,2026-09-25 17:10:15,404,1,1,1,6783550062,85fad532a8186720148d895e2218d90d,LNGS,1,-1
124131,MuonMap,2026-09-25 17:02:14,0.0500,450,450,450,500,500,600,0,0,0,0,0,1,3,1,S101_CYGNO04_Adriatico_MuonMap.msl,0,0,0,0,2,10,0,1,0,2,2026-09-25 17:06:10,407,1,1,1,6833130748,234c32eb6da6441fcfd8c0eabc2b7e95,LNGS,1,-1
124130,MuonMap,2026-09-25 17:00:56,0.0500,450,450,450,500,500,600,0,0,0,0,0,1,3,1,S101_CYGNO04_Adriatico_MuonMap.msl,0,0,0,0,2,10,0,1,0,2,2026-09-25 17:02:03,404,1,1,1,6784871982,52042df05960db7a5ab876401a41c5a9,LNGS,1,-1
124129,pedestal,2026-09-25 16:59:05,0.0500,450,450,450,500,500,600,0,0,0,0,0,0,3,1,S101_CYGNO04_Adriatico_MuonMap.msl,0,1,0,0,2,10,0,1,0,2,2026-09-25 16:59:21,158,1,1,1,2593518682,1f70b8035b5f6f2d8d0ea49b24ddab03,LNGS,1,-1
124128,MuonMap,2026-09-25 16:50:25,0.0500,440,440,440,500,500,600,0,0,0,0,0,1,3,1,S101_CYGNO04_Adriatico_MuonMap.msl,0,0,0,0,2,10,0,1,0,2,2026-09-25 16:54:12,401,1,1,1,6690698473,fcf3c99952c4651518ed1ba5c772a446,LNGS,1,-1
124127,MuonMap,2026-09-25 16:46:11,0.0500,440,440,440,500,500,600,0,0,0,0,0,1,3,1,S101_CYGNO04_Adriatico_MuonMap.msl,0,0,0,0,2,10,0,1,0,2,2026-09-25 16:50:09,401,1,1,1,6692044063,e60bc59787e3a78a15b4ee5f9a785a9d,LNGS,1,-1
124126,MuonMap,2026-09-25 16:42:03,0.0500,440,440,440,500,500,600,0,0,0,0,0,1,3,1,S101_CYGNO04_Adriatico_MuonMap.msl,0,0,0,0,2,10,0,1,0,2,2026-09-25 16:45:57,405,1,1,1,6759178046,7e13d82e2f7769aafc96a7e2b23c3712,LNGS,1,-1
124125,MuonMap,2026-09-25 16:37:53,0.0500,440,440,440,500,500,600,0,0,0,0,0,1,3,1,S101_CYGNO04_Adriatico_MuonMap.msl,0,0,0,0,2,10,0,1,0,2,2026-09-25 16:41:48,406,1,1,1,6774339550,26b98370d6279335d86ad00472ba2bf7,LNGS,1,-1
124124,MuonMap,2026-09-25 16:33:55,0.0500,440,440,440,500,500,600,0,0,0,0,0,1,3,1,S101_CYGNO04_Adriatico_MuonMap.msl,0,0,0,0,2,10,0,1,0,2,2026-09-25 16:37:39,401,1,1,1,6691398566,7313863937784e36917e5e3faea895a5,LNGS,1,-1
124123,MuonMap,2026-09-25 16:30:03,0.0500,440,440,440,500,500,600,0,0,0,0,0,1,3,1,S101_CYGNO04_Adriatico_MuonMap.msl,0,0,0,0,2,10,0,1,0,2,2026-09-25 16:33:41,404,1,1,1,6742056735,d0e8c961b22c4ab37adf7875328af5d9,LNGS,1,-1
124122,MuonMap,2026-09-25 16:26:24,0.0500,440,440,440,500,500,600,0,0,0,0,0,1,3,1,S101_CYGNO04_Adriatico_MuonMap.msl,0,0,0,0,2,10,0,1,0,2,2026-09-25 16:29:48,406,1,1,1,6776785981,3450b9e87a70fbbe1a24bb27b55b39fe,LNGS,1,-1
124121,MuonMap,2026-09-25 16:23:23,0.0500,440,440,440,500,500,600,0,0,0,0,0,1,3,1,S101_CYGNO04_Adriatico_MuonMap.msl,0,0,0,0,2,10,0,1,0,2,2026-09-25 16:26:09,403,1,1,1,6725119080,3aab5224bc4b4f2f7b6cec263dc22b4c,LNGS,1,-1
124120,MuonMap,2026-09-25 16:20:19,0.0500,440,440,440,500,500,600,0,0,0,0,0,1,3,1,S101_CYGNO04_Adriatico_MuonMap.msl,0,0,0,0,2,10,0,1,0,2,2026-09-25 16:23:07,405,1,1,1,6758917548,2a94a3c3635a83dbd38260840fc818e2,LNGS,1,-1
124119,MuonMap,2026-09-25 16:18:50,0.0500,440,440,440,500,500,600,0,0,0,0,0,1,3,1,S101_CYGNO04_Adriatico_MuonMap.msl,0,0,0,0,2,10,0,1,0,2,2026-09-25 16:20:03,407,1,1,1,6794142071,6a2ffb8f85c0d073fe237ad075b90000,LNGS,1,-1
124118,pedestal,2026-09-25 16:16:37,0.0500,450,450,450,500,500,800,0,0,0,0,0,0,3,1,S101_CYGNO04_Adriatico_MuonMap.msl,0,1,0,0,2,10,0,1,0,2,2026-09-25 16:16:54,154,1,1,1,2527615340,667d198d6ffe5472824227fa21d55e41,LNGS,1,-1
124117,pedestal,2026-09-25 16:15:23,0.0500,450,450,450,500,500,800,0,0,0,0,0,0,3,1,S101_CYGNO04_Adriatico_MuonMap.msl,0,1,0,0,2,10,0,1,0,2,2026-09-25 16:15:38,132,1,1,1,2167305868,f34c598527bd1e6b214dc6a7e3457de4,LNGS,1,-1
124116,MuonMap,2026-09-25 16:02:40,0.0500,440,440,440,500,500,800,0,0,0,0,0,1,3,1,S101_CYGNO04_Adriatico_MuonMap.msl,0,0,0,0,2,10,0,1,0,2,2026-09-25 16:06:01,403,1,1,1,6756198253,c3aad8e4845be46f7e29a1e1e90738be,LNGS,1,-1
124115,MuonMap,2026-09-25 15:59:16,0.0500,440,440,440,500,500,800,0,0,0,0,0,1,3,1,S101_CYGNO04_Adriatico_MuonMap.msl,0,0,0,0,2,10,0,1,0,2,2026-09-25 16:02:25,401,1,1,1,6722036542,900d761c429819d9143404dbdcf35b6a,LNGS,1,-1
124114,MuonMap,2026-09-25 15:55:36,0.0500,440,440,440,500,500,800,0,0,0,0,0,1,3,1,S101_CYGNO04_Adriatico_MuonMap.msl,0,0,0,0,2,10,0,1,0,2,2026-09-25 15:59:04,404,1,1,1,6772787511,1876b39f46511e67814bdc8af8174792,LNGS,1,-1
124113,MuonMap,2026-09-25 15:51:37,0.0500,440,440,440,500,500,800,0,0,0,0,0,1,3,1,S101_CYGNO04_Adriatico_MuonMap.msl,0,0,0,0,2,10,0,1,0,2,2026-09-25 15:55:19,404,1,1,1,6773294713,307a8814a4f905c3199d3c118c6bb5bd,LNGS,1,-1
124112,MuonMap,2026-09-25 15:47:47,0.0500,440,440,440,500,500,800,0,0,0,0,0,1,3,1,S101_CYGNO04_Adriatico_MuonMap.msl,0,0,0,0,2,10,0,1,0,2,2026-09-25 15:51:21,402,1,1,1,6738953790,eabeb0ac5c0b2080ba58684630c55ab9,LNGS,1,-1
124111,MuonMap,2026-09-25 15:44:01,0.0500,440,440,440,500,500,800,0,0,0,0,0,1,3,1,S101_CYGNO04_Adriatico_MuonMap.msl,0,0,0,0,2,10,0,1,0,2,2026-09-25 15:47:27,405,1,1,1,6790230797,e1db8030e784ae01ee74940443468090,LNGS,1,-1
124110,MuonMap,2026-09-25 15:39:59,0.0500,440,440,440,500,500,800,0,0,0,0,0,1,3,1,S101_CYGNO04_Adriatico_MuonMap.msl,0,0,0,0,2,10,0,1,0,2,2026-09-25 15:43:48,407,1,1,1,6822682654,078ae0162b9934ac2ab0e3382b069d35,LNGS,1,-1
124109,MuonMap,2026-09-25 15:36:22,0.0500,440,440,440,500,500,800,0,0,0,0,0,1,3,1,S101_CYGNO04_Adriatico_MuonMap.msl,0,0,0,0,2,10,0,1,0,2,2026-09-25 15:39:45,401,1,1,1,6721447832,37bbfbe7288b33e494978f10dd5f658e,LNGS,1,-1
124108,MuonMap,2026-09-25 15:32:41,0.0500,440,440,440,500,500,800,0,0,0,0,0,1,3,1,S101_CYGNO04_Adriatico_MuonMap.msl,0,0,0,0,2,10,0,1,0,2,2026-09-25 15:36:09,403,1,1,1,6757663066,461d891b01be3d13a40abe1b4feead8c,LNGS,1,-1
124107,MuonMap,2026-09-25 15:30:51,0.0500,440,440,440,500,500,800,0,0,0,0,0,1,3,1,S101_CYGNO04_Adriatico_MuonMap.msl,0,0,0,0,2,10,0,1,0,2,2026-09-25 15:32:22,402,1,1,1,6745701822,ba32d896e290cbf3b1ca29d47b1974d7,LNGS,1,-1
124106,pedestal,2026-09-25 15:28:39,0.0500,450,450,450,500,500,800,0,0,0,0,0,0,3,1,S101_CYGNO04_Adriatico_MuonMap.msl,0,1,0,0,2,10,0,1,0,2,2026-09-25 15:28:54,142,1,1,1,2331190289,04eec2fdde66ac298b0ca5382c6fa558,LNGS,1,-1
124105,MuonMap,2026-09-25 15:21:21,0.0500,450,450,450,500,500,800,0,0,0,0,0,1,3,1,S101_CYGNO04_Adriatico_MuonMap.msl,0,0,0,0,2,10,0,1,0,2,2026-09-25 15:24:45,402,1,1,1,6779505082,c5f24f8705d75d4915799a7a47b9902e,LNGS,1,-1
124104,MuonMap,2026-09-25 15:17:44,0.0500,450,450,450,500,500,800,0,0,0,0,0,1,3,1,S101_CYGNO04_Adriatico_MuonMap.msl,0,0,0,0,2,10,0,1,0,2,2026-09-25 15:21:05,407,1,1,1,6862796627,d667707d8f646dce8ccdbd8532a2cff4,LNGS,1,-1
124103,MuonMap,2026-09-25 15:13:59,0.0500,450,450,450,500,500,800,0,0,0,0,0,1,3,1,S101_CYGNO04_Adriatico_MuonMap.msl,0,0,0,0,2,10,0,1,0,2,2026-09-25 15:17:30,404,1,1,1,6814104261,c5d964df5fe354575c4cb94156fe521e,LNGS,1,-1
124102,MuonMap,2026-09-25 15:10:12,0.0500,450,450,450,500,500,800,0,0,0,0,0,1,3,1,S101_CYGNO04_Adriatico_MuonMap.msl,0,0,0,0,2,10,0,1,0,2,2026-09-25 15:13:44,404,1,1,1,6811631404,e7cc4e9448c91e1399145322ba6a35b9,LNGS,1,-1
124101,MuonMap,2026-09-25 15:06:23,0.0500,450,450,450,500,500,800,0,0,0,0,0,1,3,1,S101_CYGNO04_Adriatico_MuonMap.msl,0,0,0,0,2,10,0,1,0,2,2026-09-25 15:09:52,402,1,1,1,6778724770,035aa457616a3b66d412ab9cbce3463e,LNGS,1,-1
124100,MuonMap,2026-09-25 15:02:28,0.0500,450,450,450,500,500,800,0,0,0,0,0,1,3,1,S101_CYGNO04_Adriatico_MuonMap.msl,0,0,0,0,2,10,0,1,0,2,2026-09-25 15:06:08,406,1,1,1,6848789750,f8d6f9487b7399862cc5bd82f23ce1ca,LNGS,1,-1
124099,MuonMap,2026-09-25 14:58:34,0.0500,450,450,450,500,500,800,0,0,0,0,0,1,3,1,S101_CYGNO04_Adriatico_MuonMap.msl,0,0,0,0,2,10,0,1,0,2,2026-09-25 15:02:14,406,1,1,1,6848039113,0b2a070cbaeed01fac9e2ff0c9cf52b6,LNGS,1,-1
124098,MuonMap,2026-09-25 14:54:56,0.0500,450,450,450,500,500,800,0,0,0,0,0,1,3,1,S101_CYGNO04_Adriatico_MuonMap.msl,0,0,0,0,2,10,0,1,0,2,2026-09-25 14:58:18,407,1,1,1,6863655008,95b98c7df3edd5481dff603f09a66f60,LNGS,1,-1
124097,MuonMap,2026-09-25 14:50:58,0.0500,450,450,450,500,500,800,0,0,0,0,0,1,3,1,S101_CYGNO04_Adriatico_MuonMap.msl,0,0,0,0,2,10,0,1,0,2,2026-09-25 14:54:36,403,1,1,1,6796584292,104ee325314bf320c9fc79e7b3ee1474,LNGS,1,-1
124096,MuonMap,2026-09-25 14:48:37,0.0500,450,450,450,500,500,800,0,0,0,0,0,1,3,1,S101_CYGNO04_Adriatico_MuonMap.msl,0,0,0,0,2,10,0,1,0,2,2026-09-25 14:50:37,406,1,1,1,6776932621,bb8808937e7cc31134a43a7817d273e2,LNGS,1,-1
124095,pedestal,2026-09-25 14:47:50,0.0500,450,450,450,500,500,800,0,0,0,0,0,0,3,1,S101_CYGNO04_Adriatico_MuonMap.msl,0,1,0,0,2,10,0,1,0,2,2026-09-25 14:48:06,141,1,1,1,2314871026,d08de8a76f630adf0767fe3b264c5466,LNGS,1,-1
124094,MuonMap,2026-09-25 14:38:55,0.0500,460,460,460,500,500,800,0,0,0,0,0,1,3,1,S101_CYGNO04_Adriatico_MuonMap.msl,0,0,0,0,2,10,0,1,0,2,2026-09-25 14:42:05,402,1,1,1,6836062475,d5199692b58ae1b90381e99b9a2f3660,LNGS,1,-1
124093,MuonMap,2026-09-25 14:35:11,0.0500,460,460,460,500,500,800,0,0,0,0,0,1,3,1,S101_CYGNO04_Adriatico_MuonMap.msl,0,0,0,0,2,10,0,1,0,2,2026-09-25 14:38:42,401,1,1,1,6816431920,6542a6ff9129979924edd0e96e61ee56,LNGS,1,-1
124092,MuonMap,2026-09-25 14:31:32,0.0500,460,460,460,500,500,800,0,0,0,0,0,1,3,1,S101_CYGNO04_Adriatico_MuonMap.msl,0,0,0,0,2,10,0,1,0,2,2026-09-25 14:34:57,405,1,1,1,6884551389,599f7db018f5b7f9e574669425211f53,LNGS,1,-1
124091,MuonMap,2026-09-25 14:28:02,0.0500,460,460,460,500,500,800,0,0,0,0,0,1,3,1,S101_CYGNO04_Adriatico_MuonMap.msl,0,0,0,0,2,10,0,1,0,2,2026-09-25 14:31:11,406,1,1,1,6901926698,ee78cc4ad5639fbcb83b4de0fac8bb2f,LNGS,1,-1
124090,MuonMap,2026-09-25 14:24:47,0.0500,460,460,460,500,500,800,0,0,0,0,0,1,3,1,S101_CYGNO04_Adriatico_MuonMap.msl,0,0,0,0,2,10,0,1,0,2,2026-09-25 14:27:48,401,1,1,1,6821798279,5eaebf64968de0a3d0d9f479dc722959,LNGS,1,-1
124089,MuonMap,2026-09-25 14:22:11,0.0500,460,460,460,500,500,800,0,0,0,0,0,1,3,1,S101_CYGNO04_Adriatico_MuonMap.msl,0,0,0,0,2,10,0,1,0,2,2026-09-25 14:24:36,402,1,1,1,6834986403,b359afc233fe477ff1a413cdafd3e86a,LNGS,1,-1
124088,MuonMap,2026-09-25 14:19:49,0.0500,460,460,460,500,500,800,0,0,0,0,0,1,3,1,S101_CYGNO04_Adriatico_MuonMap.msl,0,0,0,0,2,10,0,1,0,2,2026-09-25 14:22:02,403,1,1,1,6851343662,8466dcaf49ab9f7bbfaecaab40034cf8,LNGS,1,-1
124087,MuonMap,2026-09-25 14:17:20,0.0500,460,460,460,500,500,800,0,0,0,0,0,1,3,1,S101_CYGNO04_Adriatico_MuonMap.msl,0,0,0,0,2,10,0,1,0,2,2026-09-25 14:19:38,401,1,1,1,6821293852,2488e135880c369024ff542fffd05b53,LNGS,1,-1
124086,MuonMap,2026-09-25 14:14:51,0.0500,460,460,460,500,500,800,0,0,0,0,0,1,3,1,S101_CYGNO04_Adriatico_MuonMap.msl,0,0,0,0,2,10,0,1,0,2,2026-09-25 14:17:11,403,1,1,1,6850773516,f5c9b42ef1b43f5c30b3fd79864bd325,LNGS,1,-1
124085,MuonMap,2026-09-25 14:13:44,0.0500,460,460,460,500,500,800,0,0,0,0,0,1,3,1,S101_CYGNO04_Adriatico_MuonMap.msl,0,0,0,0,2,10,0,1,0,2,2026-09-25 14:14:42,404,1,1,1,6867919283,bc7f05def927db98cfbca2848fa28f8b,LNGS,1,-1
124084,pedestal,2026-09-25 14:11:18,0.0500,450,450,450,500,500,940,0,0,0,0,0,0,3,1,S101_CYGNO04_Adriatico_MuonMap.msl,0,1,0,0,2,10,0,1,0,2,2026-09-25 14:11:33,135,1,1,1,2217148316,942c8a6350dc01b9aa06a04a68c2f00b,LNGS,1,-1
124083,MuonMap,2026-09-25 12:26:49,0.0500,460,460,460,500,500,940,0,0,0,0,0,1,3,1,S101_CYGNO04_Adriatico_MuonMap.msl,0,0,0,0,2,10,0,1,0,2,2026-09-25 12:30:10,402,1,1,1,6847899302,c7d8d47c96fb659f3dcd6c43777bf5a8,LNGS,1,-1
124082,MuonMap,2026-09-25 12:23:10,0.0500,460,460,460,500,500,940,0,0,0,0,0,1,3,1,S101_CYGNO04_Adriatico_MuonMap.msl,0,0,0,0,2,10,0,1,0,2,2026-09-25 12:26:36,403,1,1,1,6867370425,24c65ea45ae76bf52ded19ee9ce9eb0b,LNGS,1,-1
124081,MuonMap,2026-09-25 12:19:43,0.0500,460,460,460,500,500,940,0,0,0,0,0,1,3,1,S101_CYGNO04_Adriatico_MuonMap.msl,0,0,0,0,2,10,0,1,0,2,2026-09-25 12:22:55,402,1,1,1,6846116115,26f2fb4fc60a78683c2768f000065c32,LNGS,1,-1
124080,MuonMap,2026-09-25 12:16:12,0.0500,460,460,460,500,500,940,0,0,0,0,0,1,3,1,S101_CYGNO04_Adriatico_MuonMap.msl,0,0,0,0,2,10,0,1,0,2,2026-09-25 12:19:27,405,1,1,1,6895577410,4d43ba8f5405e61bcfb98884d4232bd2,LNGS,1,-1
124079,MuonMap,2026-09-25 12:12:38,0.0500,460,460,460,500,500,940,0,0,0,0,0,1,3,1,S101_CYGNO04_Adriatico_MuonMap.msl,0,0,0,0,2,10,0,1,0,2,2026-09-25 12:15:55,401,1,1,1,6827388956,f92be63796e226011bdc0f3ac365102e,LNGS,1,-1
124078,MuonMap,2026-09-25 12:09:17,0.0500,460,460,460,500,500,940,0,0,0,0,0,1,3,1,S101_CYGNO04_Adriatico_MuonMap.msl,0,0,0,0,2,10,0,1,0,2,2026-09-25 12:12:25,402,1,1,1,6845155115,1840d73cc0b8fcda59156f233f58fe1b,LNGS,1,-1
124077,MuonMap,2026-09-25 12:05:56,0.0500,460,460,460,500,500,940,0,0,0,0,0,1,3,1,S101_CYGNO04_Adriatico_MuonMap.msl,0,0,0,0,2,10,0,1,0,2,2026-09-25 12:09:04,403,1,1,1,6860350027,c73a05f402f9ca6523318878afc40dbe,LNGS,1,-1
124076,MuonMap,2026-09-25 12:02:26,0.0500,460,460,460,500,500,940,0,0,0,0,0,1,3,1,S101_CYGNO04_Adriatico_MuonMap.msl,0,0,0,0,2,10,0,1,0,2,2026-09-25 12:05:38,402,1,1,1,6845284431,c609a8ae76fd1162fb9a017f141e2000,LNGS,1,-1
124075,MuonMap,2026-09-25 11:58:39,0.0500,460,460,460,500,500,940,0,0,0,0,0,1,3,1,S101_CYGNO04_Adriatico_MuonMap.msl,0,0,0,0,2,10,0,1,0,2,2026-09-25 12:02:14,402,1,1,1,6853130318,1a37819b88495d06c15c8e9ba6625ae9,LNGS,1,-1
124074,MuonMap,2026-09-25 11:57:08,0.0500,460,460,460,500,500,940,0,0,0,0,0,1,3,1,S101_CYGNO04_Adriatico_MuonMap.msl,0,0,0,0,2,10,0,1,0,2,2026-09-25 11:58:25,401,1,1,1,6830173575,7099c633b257e50dba10fec1d244d212,LNGS,1,-1
124073,pedestal,2026-09-25 11:54:40,0.0500,450,450,450,500,500,940,0,0,0,0,0,0,3,1,S101_CYGNO04_Adriatico_MuonMap.msl,0,1,0,0,2,10,0,1,0,2,2026-09-25 11:54:57,158,1,1,1,2594149270,2e74fb6acb22a898703c1d5a3f311fa4,LNGS,1,-1
124071,MuonMap,2026-09-25 11:02:28,0.0500,450,450,450,500,500,940,0,0,0,0,0,1,3,1,S101_CYGNO04_Adriatico_MuonMap.msl,0,0,0,0,2,10,0,1,0,2,2026-09-25 11:05:34,403,1,1,1,6808993562,7b31ce022ca958848e0f088774bfe24e,LNGS,1,-1
124070,MuonMap,2026-09-25 10:58:45,0.0500,450,450,450,500,500,940,0,0,0,0,0,1,3,1,S101_CYGNO04_Adriatico_MuonMap.msl,0,0,0,0,2,10,0,1,0,2,2026-09-25 11:02:15,401,1,1,1,6775772083,6f3adab5afea25ec4db60c9356bdb60a,LNGS,1,-1
124069,MuonMap,2026-09-25 10:54:58,0.0500,450,450,450,500,500,940,0,0,0,0,0,1,3,1,S101_CYGNO04_Adriatico_MuonMap.msl,0,0,0,0,2,10,0,1,0,2,2026-09-25 10:58:29,405,1,1,1,6840858046,3adbdc6d31c3e9f3c03c93c365cad54f,LNGS,1,-1
124068,MuonMap,2026-09-25 10:51:12,0.0500,450,450,450,500,500,940,0,0,0,0,0,1,3,1,S101_CYGNO04_Adriatico_MuonMap.msl,0,0,0,0,2,10,0,1,0,2,2026-09-25 10:54:38,403,1,1,1,6810092804,a67355ff83db65ddfac83a64a798662d,LNGS,1,-1
124067,MuonMap,2026-09-25 10:47:17,0.0500,450,450,450,500,500,940,0,0,0,0,0,1,3,1,S101_CYGNO04_Adriatico_MuonMap.msl,0,0,0,0,2,10,0,1,0,2,2026-09-25 10:50:59,404,1,1,1,6825435474,e8a5274baeb4cc351c0413d7a821132a,LNGS,1,-1
124066,MuonMap,2026-09-25 10:43:32,0.0500,450,450,450,500,500,940,0,0,0,0,0,1,3,1,S101_CYGNO04_Adriatico_MuonMap.msl,0,0,0,0,2,10,0,1,0,2,2026-09-25 10:47:04,407,1,1,1,6876448978,05f7c5be588431b418443658b56576c2,LNGS,1,-1
124065,MuonMap,2026-09-25 10:39:55,0.0500,450,450,450,500,500,940,0,0,0,0,0,1,3,1,S101_CYGNO04_Adriatico_MuonMap.msl,0,0,0,0,2,10,0,1,0,2,2026-09-25 10:43:17,407,1,1,1,6878720668,eb4e4cf7033d9946f3bb153fd989af51,LNGS,1,-1
124064,MuonMap,2026-09-25 10:36:21,0.0500,450,450,450,500,500,940,0,0,0,0,0,1,3,1,S101_CYGNO04_Adriatico_MuonMap.msl,0,0,0,0,2,10,0,1,0,2,2026-09-25 10:39:44,403,1,1,1,6810436508,0aefaf8749e5fc1c077cdcdd012cd053,LNGS,1,-1
124063,MuonMap,2026-09-25 10:32:47,0.0500,450,450,450,500,500,940,0,0,0,0,0,1,3,1,S101_CYGNO04_Adriatico_MuonMap.msl,0,0,0,0,2,10,0,1,0,2,2026-09-25 10:36:07,401,1,1,1,6778036204,6fdc801810c1e60ae67708da513388cb,LNGS,1,-1
124062,MuonMap,2026-09-25 10:31:30,0.0500,450,450,450,500,500,940,0,0,0,0,0,1,3,1,S101_CYGNO04_Adriatico_MuonMap.msl,0,0,0,0,2,10,0,1,0,2,2026-09-25 10:32:35,402,1,1,1,6795076065,095099adaa63c39d64ec7d7ba966f3a8,LNGS,1,-1
124061,pedestal,2026-09-25 10:28:59,0.0500,450,450,450,500,500,940,0,0,0,0,0,0,3,1,S101_CYGNO04_Adriatico_MuonMap.msl,0,1,0,0,2,10,0,1,0,2,2026-09-25 10:29:19,148,1,1,1,2428554711,b3934b7f89d07ec3d8912ff9e6de05e1,LNGS,1,-1
124049,MuonMap,2026-09-24 18:07:51,0.0500,440,440,440,500,500,940,0,0,0,0,0,1,3,1,S101_CYGNO04_Adriatico_MuonMap.msl,0,0,0,0,2,10,0,1,0,2,2026-09-24 18:12:23,402,1,1,1,6736853209,415df37a1f80a7f0bc5004abae27796b,LNGS,1,-1
124048,MuonMap,2026-09-24 18:03:23,0.0500,440,440,440,500,500,940,0,0,0,0,0,1,3,1,S101_CYGNO04_Adriatico_MuonMap.msl,0,0,0,0,2,10,0,1,0,2,2026-09-24 18:07:35,405,1,1,1,6790077277,de97132107d7b339ed23925f2e029bcd,LNGS,1,-1
124047,MuonMap,2026-09-24 17:58:51,0.0500,440,440,440,500,500,940,0,0,0,0,0,1,3,1,S101_CYGNO04_Adriatico_MuonMap.msl,0,0,0,0,2,10,0,1,0,2,2026-09-24 18:02:59,403,1,1,1,6755168437,75f51b527893a817dab99a800b3a7817,LNGS,1,-1
124046,MuonMap,2026-09-24 17:54:22,0.0500,440,440,440,500,500,940,0,0,0,0,0,1,3,1,S101_CYGNO04_Adriatico_MuonMap.msl,0,0,0,0,2,10,0,1,0,2,2026-09-24 17:58:32,405,1,1,1,6786030260,152c41518a931c4a379246a6c78fbf8d,LNGS,1,-1
124045,MuonMap,2026-09-24 17:49:33,0.0500,440,440,440,500,500,940,0,0,0,0,0,1,3,1,S101_CYGNO04_Adriatico_MuonMap.msl,0,0,0,0,2,10,0,1,0,2,2026-09-24 17:53:58,402,1,1,1,6737402218,a3347f85b02c04cefd096256c4622bdf,LNGS,1,-1
124044,MuonMap,2026-09-24 17:44:46,0.0500,440,440,440,500,500,940,0,0,0,0,0,1,3,1,S101_CYGNO04_Adriatico_MuonMap.msl,0,0,0,0,2,10,0,1,0,2,2026-09-24 17:49:16,405,1,1,1,6785934895,b74b0416f279c2e2411862e3f22d2c66,LNGS,1,-1
124043,MuonMap,2026-09-24 17:40:22,0.0500,440,440,440,500,500,940,0,0,0,0,0,1,3,1,S101_CYGNO04_Adriatico_MuonMap.msl,0,0,0,0,2,10,0,1,0,2,2026-09-24 17:44:27,406,1,1,1,6806760274,923d16675a19b12bf7e4dd685595f07a,LNGS,1,-1
124042,MuonMap,2026-09-24 17:35:39,0.0500,440,440,440,500,500,940,0,0,0,0,0,1,3,1,S101_CYGNO04_Adriatico_MuonMap.msl,0,0,0,0,2,10,0,1,0,2,2026-09-24 17:40:07,401,1,1,1,6724494719,4ed791b8fa1dc769e9fc3ac6ad34f364,LNGS,1,-1
124041,MuonMap,2026-09-24 17:31:42,0.0500,440,440,440,500,500,940,0,0,0,0,0,1,3,1,S101_CYGNO04_Adriatico_MuonMap.msl,0,0,0,0,2,10,0,1,0,2,2026-09-24 17:35:20,402,1,1,1,6746101101,499e67a334ac079318075afe03b54fd4,LNGS,1,-1
124040,MuonMap,2026-09-24 17:30:44,0.0500,440,440,440,500,500,940,0,0,0,0,0,1,3,1,S101_CYGNO04_Adriatico_MuonMap.msl,0,0,0,0,2,10,0,1,0,2,2026-09-24 17:31:33,407,1,1,1,6832936853,c6ccffc5918e27516c67bafd3a0cff21,LNGS,1,-1
124039,pedestal,2026-09-24 17:28:09,0.0500,450,450,450,500,500,1000,0,0,0,0,0,0,3,1,S101_CYGNO04_Adriatico_MuonMap.msl,0,1,0,0,2,10,0,1,0,2,2026-09-24 17:28:28,155,1,1,1,2547814954,b9b0863694d80828ad2cfb65814945b7,LNGS,1,-1

